Count,Time
1,0.19030475616455078
2,0.3407723903656006
3,0.4730045795440674
4,0.7307424545288086
